iso3,quarter,split,actual,arima_pred,var_pred
ARG,2019Q3,val,52.16789120091712,50.48710703622577,
ARG,2019Q4,val,50.434133867101295,52.92726537581221,
ARG,2020Q1,val,43.887499320071875,49.14433466561779,
ARG,2020Q2,val,39.79948381616827,40.773209990462234,
ARG,2020Q3,val,36.37780693689867,39.09019017747625,
ARG,2020Q4,val,40.64709688844841,34.39791712176004,
ARG,2021Q1,test,48.46569211541036,45.0657608115626,
ARG,2021Q2,test,51.89366818551473,50.771936939259035,
ARG,2021Q3,test,51.39849539751849,52.94538269530374,
ARG,2021Q4,test,52.76676159719149,49.94270523388248,
ARG,2022Q1,test,60.96348298503778,55.43391711779805,
ARG,2022Q2,test,77.63295355850465,66.20200710972297,
ARG,2022Q3,test,91.816409784318,88.4923049323024,
ARG,2022Q4,test,101.97456033943509,94.9823965933689,
ARG,2023Q1,test,112.99917763779273,108.64905605747805,
ARG,2023Q2,test,125.89153718470897,117.16012851281107,
ARG,2023Q3,test,145.74637690411336,134.01884405443585,
ARG,2023Q4,test,,156.77412623656704,
ARG,2024Q1,test,,156.77412623656704,
ARG,2024Q2,test,,156.77412623656704,
ARG,2024Q3,test,,156.77412623656704,
ARG,2024Q4,test,,156.77412623656704,
AUS,2019Q1,val,1.5929235583455714,1.297453854701521,1.2179262933924815
AUS,2019Q2,val,1.674037897804559,1.6148841738305166,1.7404050594976186
AUS,2019Q3,val,1.8404786395764816,1.6784707737545121,1.852487314796893
AUS,2019Q4,val,2.191059480781754,1.8526734598058607,1.8779569806121228
AUS,2020Q1,val,-0.3484431671842536,2.216947885140434,1.7325813556604592
AUS,2020Q2,val,0.6931692643019183,-0.49286912776927316,-1.2014349474372268
AUS,2020Q3,val,0.8606590416921245,0.6865852390263995,1.449060216283868
AUS,2020Q4,val,1.1149814200545285,0.8601864153099696,0.8677054045542492
AUS,2021Q1,test,3.8461828066291615,1.114505193961958,1.9419561470766624
AUS,2021Q2,test,3.01212131882469,3.8790372041608445,4.588921521464045
AUS,2021Q3,test,3.4982420132646075,3.0344009090745523,2.2147411155965306
AUS,2021Q4,test,5.089035053271251,3.482192548874454,3.3025249073671756
AUS,2022Q1,test,6.144817460029728,5.052818475662839,5.099630984882138
AUS,2022Q2,test,7.268105271395786,6.151156772503673,4.844922241096605
AUS,2022Q3,test,7.831870740267965,7.294000285353117,6.320129507170683
AUS,2022Q4,test,7.021817439177536,7.848812387664435,6.918730077313051
AUS,2023Q1,test,6.026981078747906,7.000469896134349,5.437281522092514
AUS,2023Q2,test,5.373856267248778,5.990233985263788,5.134480956488998
AUS,2023Q3,test,4.051970460178778,5.345526663870556,4.503455270235849
AUS,2023Q4,test,3.619860266150443,3.9787391656070525,3.32622155732993
AUS,2024Q1,test,3.814447934283627,3.5977132642897693,1.9551201205513407
AUS,2024Q2,test,2.8085430131016498,3.8279300603397455,3.7088767904424205
AUS,2024Q3,test,2.4247046453726995,2.74845796539231,2.242558025715189
AUS,2024Q4,test,,2.404432709022002,2.5023166506897994
BRA,2019Q1,val,4.316850884972534,4.4882874107340145,4.326798510501687
BRA,2019Q2,val,3.180898839442392,4.167267421987882,4.335779469953406
BRA,2019Q3,val,3.371932224937102,2.3158343109176482,2.496990586311143
BRA,2019Q4,val,3.831519917781901,4.308307624141157,4.367650557238566
BRA,2020Q1,val,2.136341457363322,3.4099432411204034,4.643302039713056
BRA,2020Q2,val,2.6265376942954832,1.0061329246172674,2.1158700588138473
BRA,2020Q3,val,4.2505683696723695,4.066171607315983,4.198932238026261
BRA,2020Q4,val,5.28546099481535,4.412209757579731,4.6872111263494
BRA,2021Q1,test,7.720149441053525,6.052220661284838,6.5812863252475875
BRA,2021Q2,test,9.64216064099137,9.19234526364814,8.225835931634897
BRA,2021Q3,test,10.488256427244158,10.045738655803984,9.409384737092493
BRA,2021Q4,test,10.74359580270412,10.88502249749579,11.835781881674734
BRA,2022Q1,test,11.915947680778793,10.61649840171226,8.606853982246779
BRA,2022Q2,test,8.64533252434474,13.085645732106691,11.769491634288801
BRA,2022Q3,test,6.05013103640033,4.835027044724519,5.575890475355218
BRA,2022Q4,test,5.335417159268507,6.766318876564694,4.679130549277887
BRA,2023Q1,test,3.7586687705749138,4.5282736321682115,4.809759336386229
BRA,2023Q2,test,4.594013274906317,3.2770932650222795,2.87503365257459
BRA,2023Q3,test,4.707605477419996,5.54885006477915,5.297542084115843
BRA,2023Q4,test,4.308138995029642,4.04568672815223,4.784179900052151
BRA,2024Q1,test,3.947357348473712,4.52096812749685,4.518970410659811
BRA,2024Q2,test,4.3869242607925685,3.4761895096749695,4.72551866113075
BRA,2024Q3,test,4.820828649515474,5.142760374907466,5.1742757866175735
BRA,2024Q4,test,,4.55434209077984,5.632132232284281
CAN,2019Q1,val,2.148408352198694,1.567890852036832,1.2228006110834668
CAN,2019Q2,val,1.9393147148379477,2.2207853985913406,1.64235127299493
CAN,2019Q3,val,2.094757078816323,1.9068982294739896,1.7185136248350361
CAN,2019Q4,val,1.8091663130014313,2.1161036261818764,2.0571989124534293
CAN,2020Q1,val,0.02445283682313,1.7751152247154822,1.1501271054531264
CAN,2020Q2,val,0.2682905069736563,-0.21569510455108018,0.2729994699203917
CAN,2020Q3,val,0.7816279861339259,0.31262520957424117,0.620750409413607
CAN,2020Q4,val,1.436229865792482,0.8352618628274331,0.4834292198473649
CAN,2021Q1,test,3.34962195563111,1.5113860902820604,3.4296314478856456
CAN,2021Q2,test,4.062295071873012,3.6511179816324817,3.372446332014653
CAN,2021Q3,test,4.7261270292539015,4.132666403143847,3.9201264514417216
CAN,2021Q4,test,5.831543317571475,4.840390152802105,4.009950409513698
CAN,2022Q1,test,7.546720674830576,6.039991438600112,4.005455747223463
CAN,2022Q2,test,7.152880279121221,7.922788171056098,7.002441327256883
CAN,2022Q3,test,6.665122051452088,6.990075628572247,5.952461726651922
CAN,2022Q4,test,5.147388450577295,6.591622790722077,5.8664165775637205
CAN,2023Q1,test,3.519561176162367,4.805356699566053,3.1571930519504874
CAN,2023Q2,test,3.686723229592293,3.1700512957438765,2.507250508608922
CAN,2023Q3,test,3.211124685883182,3.8269933693748883,3.4212680808070712
CAN,2023Q4,test,2.8466717362478633,3.0510746944329044,3.063253972301051
CAN,2024Q1,test,2.741166554336272,2.79278419941147,2.668290413555421
CAN,2024Q2,test,2.040830999541199,2.7273081276363804,2.7178441067126258
CAN,2024Q3,test,1.9129736538092248,1.8557978640797674,1.9578534769109597
CAN,2024Q4,test,,1.9281417599829658,1.8731653584145858
CHE,2019Q1,val,0.6474238283293632,0.5543853096822013,0.24863614950489507
CHE,2019Q2,val,0.2593595876594357,0.6789976866418226,0.5496844383308936
CHE,2019Q3,val,-0.0765413207809539,0.1183678836441433,0.17760580043826246
CHE,2019Q4,val,-0.1261355913088069,-0.14228561575298523,0.11437883696511203
CHE,2020Q1,val,-1.220904420625346,-0.12061833026686045,-0.5855944578399039
CHE,2020Q2,val,-0.8620655673083344,-1.594506942626018,-1.3637315856464323
CHE,2020Q3,val,-0.6895644354636299,-0.661660032422857,-0.772809316429057
CHE,2020Q4,val,-0.4311195902036213,-0.6972881018234107,-0.8332217246857645
CHE,2021Q1,test,0.494464087311619,-0.3548501560133108,1.189882658837183
CHE,2021Q2,test,0.8343061216578018,0.7511569291026665,1.2876175225762354
CHE,2021Q3,test,1.4350570287413156,0.8591640014345256,0.20408687453318033
CHE,2021Q4,test,2.062529492775655,1.6096135485823269,2.1629049059909087
CHE,2022Q1,test,2.958938450984427,2.2035338089691847,1.1748729046253696
CHE,2022Q2,test,3.379277166712225,3.204577267176653,3.151160652126101
CHE,2022Q3,test,2.9321948956888777,3.4359703951113576,2.9203728255593724
CHE,2022Q4,test,3.1992035781797545,2.7645895011042994,2.3249415065408687
CHE,2023Q1,test,2.1433428932794207,3.3379472072716805,2.186634907739885
CHE,2023Q2,test,1.6046868821464555,1.8009565929481275,1.912295040120847
CHE,2023Q3,test,1.6172559026421895,1.54990677565627,0.9805770712184124
CHE,2023Q4,test,1.163675174656742,1.6376063535955578,1.4249164211750442
CHE,2024Q1,test,1.3619692074892995,1.0201108137557688,1.1890188586390653
CHE,2024Q2,test,1.064554326589917,1.4621423342618949,1.220436909746468
CHE,2024Q3,test,0.6600156037828375,0.9512393273367692,0.892541089911594
CHE,2024Q4,test,,0.5753147892440162,0.513636661404436
CHN,2019Q1,val,2.667513496348062,1.7617275602297686,1.9059470605972617
CHN,2019Q2,val,2.8643374252439457,3.0432727140546723,2.373530545304544
CHN,2019Q3,val,4.222708789490137,2.791232659110784,3.6589335333124495
CHN,2019Q4,val,4.956629491945463,4.795118166365531,4.467292888320339
CHN,2020Q1,val,2.7219300958861714,5.01954205919673,5.166725591109154
CHN,2020Q2,val,1.9583843329253223,1.7511848707448499,0.6650328332515905
CHN,2020Q3,val,0.1200480192076858,2.0392730320951524,0.5395489722324216
CHN,2020Q4,val,-0.1089728453364857,-0.6159907575376821,-1.3332073566677012
CHN,2021Q1,test,1.268142125865701,0.06923467236040742,0.40803003932921156
CHN,2021Q2,test,1.0007803121248493,1.7315244860029029,4.173963223703119
CHN,2021Q3,test,1.7824640287769755,0.7174878163702003,-0.4299064429488455
CHN,2021Q4,test,1.1535888577517197,2.1770517970309977,2.8283800940083452
CHN,2022Q1,test,2.255349579184762,0.7974929451079645,0.6155466089122072
CHN,2022Q2,test,2.6516441400081803,2.727868623550292,1.9402157411670902
CHN,2022Q3,test,1.8396901983617653,2.6273615158495547,2.482204594254004
CHN,2022Q4,test,1.2382027073488675,1.5757928746317922,2.010043862085292
CHN,2023Q1,test,0.0973257942433303,1.124151861673794,1.3563959593872617
CHN,2023Q2,test,-0.0645808770551981,-0.2524081800745292,-0.023856716338946482
CHN,2023Q3,test,-0.3225919329170712,-0.0015997668641096058,0.770785714879759
CHN,2023Q4,test,-0.0322009431183101,-0.43045548925648663,-0.350478197091145
CHN,2024Q1,test,0.2268533474014011,0.10083908893806026,-0.06314761661688317
CHN,2024Q2,test,0.484626133140531,0.2690077889706792,0.501843685551306
CHN,2024Q3,test,0.1941815738426777,0.556982123668637,0.317015023633451
CHN,2024Q4,test,,0.07282200647845145,0.703082984557948
DEU,2019Q1,val,1.7041856050985738,1.3161483177992062,1.3724065353132113
DEU,2019Q2,val,1.4668472062854487,1.727616547676866,1.5357920660566737
DEU,2019Q3,val,1.244796990480057,1.4528672359285073,1.1448095251132462
DEU,2019Q4,val,1.6195438204101409,1.2326661514981028,1.29940375781318
DEU,2020Q1,val,0.4118820544285029,1.6400188495867927,1.0501549430647288
DEU,2020Q2,val,-0.9165032485150992,0.3894497643767864,0.38696980307435386
DEU,2020Q3,val,-0.5044240730344818,-1.068928550392908,-0.2540978484507792
DEU,2020Q4,val,1.499007886355597,-0.45786459796609064,-0.41129433632652235
DEU,2021Q1,test,2.190516335768544,1.8816891396624271,1.7111715013073228
DEU,2021Q2,test,3.878335605510697,2.249959631216864,2.200679985051245
DEU,2021Q3,test,4.709417885358791,4.249098577213346,3.9028252423521885
DEU,2021Q4,test,4.791615497806467,4.815056570418272,2.8292168770298463
DEU,2022Q1,test,6.6580307688516305,4.785433644170078,4.8544595927278635
DEU,2022Q2,test,7.402597521538401,7.148826293835912,6.214072080246131
DEU,2022Q3,test,8.580531166229965,7.4632576369732595,7.0130781311317305
DEU,2022Q4,test,8.236776619278752,8.881017980166023,9.658259086896406
DEU,2023Q1,test,6.546891648222597,8.087080434376984,7.215691467954081
DEU,2023Q2,test,5.603833838571171,6.104972814705466,5.616699996379114
DEU,2023Q3,test,3.554632184401285,5.452252092976197,4.472622526313962
DEU,2023Q4,test,2.5173413371259334,2.938193772011093,1.1995976960257817
DEU,2024Q1,test,2.286347839758851,2.3859605571816083,1.414340144001474
DEU,2024Q2,test,1.929644367501293,2.2517692031157366,1.4687256501033337
DEU,2024Q3,test,2.29787291293877,1.817091812446008,1.4688113826261158
DEU,2024Q4,test,,2.4639165266297134,2.2173568732509894
FRA,2019Q1,val,1.123849507508479,1.0654534997615157,1.1383405825206616
FRA,2019Q2,val,1.0044427274483292,1.1397553283847064,0.952773020566145
FRA,2019Q3,val,1.0850317138349386,0.9673798989685477,0.963874112899435
FRA,2019Q4,val,1.1937024132146146,1.1170683048914087,1.2598842498024398
FRA,2020Q1,val,0.2970012454891035,1.214652555435456,0.4688193010339349
FRA,2020Q2,val,0.3474214317587876,0.04776208146762628,0.2657245970542942
FRA,2020Q3,val,0.0764428589629329,0.418078075023831,0.0271967837539705
FRA,2020Q4,val,0.7428425683861484,-0.003947074221181915,-0.3701311465747941
FRA,2021Q1,test,1.3819015474749952,0.903758987947162,2.147670605596358
FRA,2021Q2,test,1.7247403360543867,1.4929656611195694,1.9971430095213305
FRA,2021Q3,test,2.7180140038192135,1.7816237562423283,2.1362121740169955
FRA,2021Q4,test,3.658343618468951,2.957133055641831,2.626832190864602
FRA,2022Q1,test,5.288944723618094,3.8533093585604856,3.281097558449185
FRA,2022Q2,test,5.848373196777623,5.744621801678612,5.378208009098154
FRA,2022Q3,test,6.066802999318344,5.879575708005815,5.222932779916685
FRA,2022Q4,test,5.989925202259205,6.127072571668603,5.6085144723813585
FRA,2023Q1,test,5.175396730700399,5.9459608113890114,5.147731276564781
FRA,2023Q2,test,4.681554028142432,4.921998088974891,4.755680520676156
FRA,2023Q3,test,3.718742696891808,4.6022291396531045,4.180160646014114
FRA,2023Q4,test,2.794020220641169,3.4209732489225066,2.9236356858902286
FRA,2024Q1,test,2.209364984826556,2.5756960073014112,1.979062584280185
FRA,2024Q2,test,1.7415318717240558,2.076448775530098,1.6242442162236366
FRA,2024Q3,test,1.270243627658063,1.6187742051967475,1.329927827508824
FRA,2024Q4,test,,1.1412806740182546,1.010627146276487
GBR,2019Q1,val,1.922470847778124,1.7201654244328868,1.6670866763262533
GBR,2019Q2,val,1.7868338557993857,2.0323693815728587,1.8979919980953472
GBR,2019Q3,val,1.4343623323978871,1.6570057384503785,1.5220626623473745
GBR,2019Q4,val,1.6552154903185512,1.3152584821172708,1.4515166300506723
GBR,2020Q1,val,0.8039579468150926,1.8412410875825949,1.5372672664198044
GBR,2020Q2,val,0.7699414844471786,0.31749573633153344,0.1081598434674473
GBR,2020Q3,val,0.7377805102981805,0.9224940074975364,0.288137984548434
GBR,2020Q4,val,0.8909370199692734,0.6703430644592986,0.22952428868822694
GBR,2021Q1,test,2.085889570552135,0.973665818831464,1.9503086566024301
GBR,2021Q2,test,2.6589242053789652,2.561750469669442,2.5545019935465336
GBR,2021Q3,test,4.424778761061932,2.6986635882717636,3.2963542894339666
GBR,2021Q4,test,5.511571254567604,5.108190565724161,4.695772775053732
GBR,2022Q1,test,7.932692307692313,5.64973889531624,5.490623528876336
GBR,2022Q2,test,8.752604941947029,8.832634188209129,9.294599987789239
GBR,2022Q3,test,9.40970192869668,8.72727968574057,8.3295526567409
GBR,2022Q4,test,8.975468975468992,9.656330297790197,9.461677412040743
GBR,2023Q1,test,7.683741648106901,8.741234125993033,7.466110298431875
GBR,2023Q2,test,6.350944429236249,7.290338588805005,6.595305771840852
GBR,2023Q3,test,4.353632478632474,5.98058661516745,5.135126626768029
GBR,2023Q4,test,3.9194915254237017,3.668942797315271,2.7906328519162447
GBR,2024Q1,test,2.869700103412609,4.020147662749249,3.0139064560104125
GBR,2024Q2,test,2.9086229086229265,2.41821043390627,2.349290571304911
GBR,2024Q3,test,3.4041464038904623,3.0883563493550588,2.4448438821933376
GBR,2024Q4,test,,3.524542042966057,3.5335239462338426
IDN,2019Q1,val,3.1441912904023317,2.520867144166961,2.341843139800128
IDN,2019Q2,val,3.400165698097579,3.2569529971602114,2.874068091739378
IDN,2019Q3,val,2.9494449398904665,3.426106846540878,2.1967584403842206
IDN,2019Q4,val,2.9205994896074117,2.862934069930173,2.969245618457533
IDN,2020Q1,val,2.1129537073867777,2.9310564023551553,-3.981296367172712
IDN,2020Q2,val,1.1993789323661908,1.9648318429402247,-6.9835679793344285
IDN,2020Q3,val,1.4684337112277124,1.0594754167714566,-10.148094408759672
IDN,2020Q4,val,1.4314104460252386,1.5429453380561424,4.792839636997016
IDN,2021Q1,test,1.47747890082508,1.4110987481486312,5.033720214934824
IDN,2021Q2,test,1.5697616504137368,1.4895746734503659,5.9432077312145815
IDN,2021Q3,test,1.760545100954225,1.5843773677749762,3.005421791737807
IDN,2021Q4,test,2.291323193276873,1.7926672815120326,4.779669191037392
IDN,2022Q1,test,3.7917031215537023,2.382385897657159,3.4538783180559367
IDN,2022Q2,test,5.193322894719943,4.051961948913588,4.87028498160403
IDN,2022Q3,test,5.545037964237842,5.408635972059209,6.00886392988565
IDN,2022Q4,test,5.238895158158585,5.570903737366742,5.91059648097656
IDN,2023Q1,test,3.948817254325654,5.175748046542513,4.802277542269259
IDN,2023Q2,test,2.872978442615159,3.7139281329265765,3.54943116110677
IDN,2023Q3,test,2.6798810535213935,2.70996684528248,2.826467884782703
IDN,2023Q4,test,2.5706346565810945,2.674030591002955,2.7814298777446984
IDN,2024Q1,test,2.6431909234097217,2.550495798167478,3.0943199105356367
IDN,2024Q2,test,1.940581476504466,2.6612439448829948,3.226924949022566
IDN,2024Q3,test,1.581357261815497,1.8004132274774107,2.247491777156587
IDN,2024Q4,test,,1.5387088031729992,2.0035817498306625
IND,2019Q1,val,8.525345066965407,7.0471989198401515,7.185154955499834
IND,2019Q2,val,6.422973160364154,8.538420071857072,8.859873343342217
IND,2019Q3,val,8.618775721011552,6.4586082773520515,6.393815936972687
IND,2019Q4,val,6.608915188538678,8.509748021541562,8.275680026638163
IND,2020Q1,val,5.20169182640049,6.755448975949946,7.264995310655494
IND,2020Q2,val,5.530690893639845,5.292938041628353,4.032540228800224
IND,2020Q3,val,4.952369251127764,5.516042998554875,4.406724564775502
IND,2020Q4,val,4.435927149766772,4.988071513917107,4.4677201998270935
IND,2021Q1,test,5.325830419983935,4.469631264930188,4.519192459525581
IND,2021Q2,test,4.824358579773658,5.270525276389929,5.890124272301373
IND,2021Q3,test,4.969284206984215,4.85425772572268,4.174671688746814
IND,2021Q4,test,5.409227339364064,4.961510699812357,5.093714376481536
IND,2022Q1,test,6.484506154735836,5.37906049510339,7.151342106929897
IND,2022Q2,test,6.041736135086939,6.414023019494751,7.642007982786616
IND,2022Q3,test,5.6648973342213305,6.0663849666773855,7.028983027873171
IND,2022Q4,test,6.0356153408048785,5.691376122560317,6.2131968576712095
IND,2023Q1,test,5.0272468060355235,6.012574144839055,6.1277773847341255
IND,2023Q2,test,6.387327008927279,5.095376640874436,5.310044150406618
IND,2023Q3,test,4.782294624164907,6.28750491976428,6.646346554737178
IND,2023Q4,test,4.563706424866387,4.916281212051923,5.169696114681512
IND,2024Q1,test,3.799630674196508,4.5938730129317955,4.424345131145147
IND,2024Q2,test,2.9298809934065417,3.866452875281278,3.4771943508130096
IND,2024Q3,test,3.939452674045651,3.003759433032871,2.6861300776026336
IND,2024Q4,test,,3.8601760298810275,3.7189887547684615
ITA,2019Q1,val,0.8482871125611746,0.7952786701500926,0.7909829227803733
ITA,2019Q2,val,0.3566796368352776,0.8715035086247578,0.6579982945266516
ITA,2019Q3,val,0.2928734136023347,0.13420224116076457,0.2843559865723731
ITA,2019Q4,val,0.2924926876828104,0.3583871615502094,0.4003515150723832
ITA,2020Q1,val,-0.129407958589478,0.2649955140476822,0.4292358804216494
ITA,2020Q2,val,-0.4846526655896577,-0.29853954066157806,-0.5328715661531348
ITA,2020Q3,val,-0.2271252433484805,-0.5651487496080966,-0.9463796103745672
ITA,2020Q4,val,0.5832793259883173,-0.08051680721211871,-0.739422911929677
ITA,2021Q1,test,1.1985746679624265,0.881717352693864,1.278439161314975
ITA,2021Q2,test,2.1753246753246636,1.3438813701591854,2.550839207127789
ITA,2021Q3,test,3.5447154471544673,2.5687823892330552,2.1862789614047218
ITA,2021Q4,test,5.670103092783507,4.040570183001481,3.860910216310622
ITA,2022Q1,test,6.914212548015364,6.615798982375267,6.251032503565815
ITA,2022Q2,test,8.388941849380371,7.075723742963988,7.2391319095473
ITA,2022Q3,test,11.746231155778908,9.133577326828844,8.41595631238879
ITA,2022Q4,test,8.902439024390251,13.484368682142811,14.647427247275735
ITA,2023Q1,test,7.3952095808383245,7.83385941887034,7.783658489067851
ITA,2023Q2,test,5.570214013485786,7.320250781482129,8.085702026608558
ITA,2023Q3,test,0.983698707138836,5.063982708841948,2.7292724128023638
ITA,2023Q4,test,0.9238521836506308,-0.7694080547885753,-1.3692314253138127
ITA,2024Q1,test,0.8084750487872938,1.4900405397174608,-0.8516107736465699
ITA,2024Q2,test,1.0274923632324295,0.6009923867209298,-0.7990500990215825
ITA,2024Q3,test,1.1689396047871004,1.1678414103598165,1.2844391005472942
ITA,2024Q4,test,,1.1692964180417065,1.2770169150360524
JPN,2019Q1,val,0.7392950902673556,0.22160627749376438,0.0010036575997177666
JPN,2019Q2,val,0.3345696076324289,0.812322548050614,0.19562832045807588
JPN,2019Q3,val,0.5001318291167234,0.2733553523438825,-0.19187046443017308
JPN,2019Q4,val,0.6686259113558579,0.5280655814209398,0.4704258286346121
JPN,2020Q1,val,0.1334129704797515,0.6863474442635976,0.5279047056006447
JPN,2020Q2,val,0.0333421219411045,0.06485566134089212,-0.10973092910808681
JPN,2020Q3,val,-0.9289987013050504,0.029464061555793522,-0.15574268799435922
JPN,2020Q4,val,-0.5313479986860048,-1.047106467512711,-0.8251126915774477
JPN,2021Q1,test,-0.7328918553429542,-0.47973436581991946,-0.3746629325275096
JPN,2021Q2,test,,-0.7574274785595402,0.4472218331126083
JPN,2021Q3,test,,-0.7574274785595402,0.7940251429492888
JPN,2021Q4,test,,-0.7574274785595402,-0.305406605468738
JPN,2022Q1,test,,-0.7574274785595402,-0.3978456417075519
JPN,2022Q2,test,,-0.7574274785595402,-0.022581582511891185
JPN,2022Q3,test,,-0.7574274785595402,
JPN,2022Q4,test,,-0.7574274785595402,
JPN,2023Q1,test,,-0.7574274785595402,
JPN,2023Q2,test,,-0.7574274785595402,
JPN,2023Q3,test,,-0.7574274785595402,
JPN,2023Q4,test,,-0.7574274785595402,
JPN,2024Q1,test,,-0.7574274785595402,
JPN,2024Q2,test,,-0.7574274785595402,
JPN,2024Q3,test,,-0.7574274785595402,
JPN,2024Q4,test,,-0.7574274785595402,
KOR,2019Q1,val,0.6521980929521609,0.3634236243095306,0.7185873974820712
KOR,2019Q2,val,0.0445900232337148,0.6856781423572696,0.7197778386351661
KOR,2019Q3,val,0.2956170251274592,-0.028169210956943427,-0.2263788998662855
KOR,2019Q4,val,0.966648279944593,0.32944169253751443,0.33603569910396686
KOR,2020Q1,val,0.0087066009433867,1.0398424819655752,-0.028656874734373894
KOR,2020Q2,val,0.7218353518364529,-0.0853178975070602,-0.662545911408071
KOR,2020Q3,val,0.4541489969624335,0.7700473093989634,0.7697991109328568
KOR,2020Q4,val,1.4224324594421356,0.4376557149020863,0.12703665542972564
KOR,2021Q1,test,2.487862045873279,1.4642729623774526,2.1387207693378474
KOR,2021Q2,test,2.5352675006650394,2.5613528923068265,3.631016857213832
KOR,2021Q3,test,3.5462408516300226,2.533401269325682,2.458692226083084
KOR,2021Q4,test,3.806739801615766,3.617799382465752,3.028642435419745
KOR,2022Q1,test,5.407083115524891,3.820691179973639,3.646729211801568
KOR,2022Q2,test,5.876435849179007,5.534434319832034,5.163900276460197
KOR,2022Q3,test,5.24641778577406,5.906433289920445,5.157557739087116
KOR,2022Q4,test,4.742920423983965,5.1868024211451,4.84575855006878
KOR,2023Q1,test,3.2297058550039504,4.699943749872074,3.0465555884957665
KOR,2023Q2,test,3.135247785712081,3.0670400456620763,2.449330363276883
KOR,2023Q3,test,3.5333801398089726,3.142324957782034,2.9504477791366863
KOR,2023Q4,test,,3.5766637027691144,3.1381294303364746
KOR,2024Q1,test,,3.5766637027691144,3.6498252314920516
KOR,2024Q2,test,,3.5766637027691144,3.3750208993744315
KOR,2024Q3,test,,3.5766637027691144,3.1268800436075836
KOR,2024Q4,test,,3.5766637027691144,3.2245561003202226
MEX,2019Q1,val,4.213954359875727,3.982438827277317,4.317465197623687
MEX,2019Q2,val,3.312433837576223,4.252773718146696,4.032487061489766
MEX,2019Q3,val,2.9403831207424735,3.163918808788368,3.178785352447748
MEX,2019Q4,val,3.394338428964283,2.904465612885587,3.4219306117704607
MEX,2020Q1,val,2.772686050035511,3.475478112619243,5.237564944751578
MEX,2020Q2,val,3.895275987419145,2.666363278816126,2.9148718661304964
MEX,2020Q3,val,3.520778419045878,4.041219988273848,4.289365118534853
MEX,2020Q4,val,3.987511631873475,3.4706021676952172,4.306468451368334
MEX,2021Q1,test,5.952098348272972,4.0348401018155435,4.143890992496932
MEX,2021Q2,test,5.79949742097603,6.189293056540458,6.5980681881752945
MEX,2021Q3,test,6.990518372413135,5.762306106221088,7.276380493682076
MEX,2021Q4,test,7.26885236406527,7.099141371784638,7.290868172726347
MEX,2022Q1,test,7.774281567790542,7.284214895451687,5.96338397394334
MEX,2022Q2,test,8.515901096277556,7.820578378793214,7.319917650478612
MEX,2022Q3,test,8.005054473176166,8.586494577578321,7.350149971568408
MEX,2022Q4,test,7.456119575154774,7.9511067959515405,7.209647883981853
MEX,2023Q1,test,5.7123909271424855,7.406691076977558,6.432700561834398
MEX,2023Q2,test,4.625376162953754,5.515994900301483,4.150664291458139
MEX,2023Q3,test,4.414576865610487,4.501890749436677,3.3003065877952453
MEX,2023Q4,test,4.567861954826835,4.401755764697182,3.46460836820806
MEX,2024Q1,test,4.77199527661043,4.592445843717486,4.260977963324182
MEX,2024Q2,test,5.022431622134338,4.798668242715315,5.089197068227511
MEX,2024Q3,test,,5.055841645576805,4.828490645778837
MEX,2024Q4,test,,5.055841645576805,4.946410086895295
NLD,2019Q1,val,2.6580111746277835,2.573234570478247,2.5009924285143588
NLD,2019Q2,val,2.6676902408598213,2.6635285009787086,2.2855497566638174
NLD,2019Q3,val,2.6667947240363477,2.6679653994283075,2.610677912136747
NLD,2019Q4,val,1.612646712681709,2.66671729008688,2.590405282131492
NLD,2020Q1,val,1.3118983200151255,1.54289301921503,1.2147956250248273
NLD,2020Q2,val,1.1621023771692052,1.2946269799826453,1.0936103034414826
NLD,2020Q3,val,1.010321494277977,1.1514239808805955,1.0401476648378296
NLD,2020Q4,val,1.7529581168221453,0.9988157478602638,0.6125638862906517
NLD,2021Q1,test,2.006024283451846,1.8103158042575624,2.0459985927666935
NLD,2021Q2,test,2.165075454265475,2.0219792041946185,2.444359674232252
NLD,2021Q3,test,4.763374803198217,2.177247074595161,2.1549859367500277
NLD,2021Q4,test,7.444779425336856,5.029343421287193,4.227309247232669
NLD,2022Q1,test,8.956132606776457,8.096018178302387,7.323697550928158
NLD,2022Q2,test,12.26298495764626,9.296436484729986,9.827457601539793
NLD,2022Q3,test,11.25058934464873,13.658508459371474,14.614420343298022
NLD,2022Q4,test,6.619710244516974,10.748656488078364,11.752520804620787
NLD,2023Q1,test,5.641082953815224,4.8110220959676715,2.3349804537134977
NLD,2023Q2,test,2.572433608120095,6.217548290406372,2.8332412795110917
NLD,2023Q3,test,0.9681093394077632,0.9695315666960451,-2.2008888133475724
NLD,2023Q4,test,,0.9679980484575262,0.04622817430783477
NLD,2024Q1,test,,0.9679980484575262,0.3529489857677781
NLD,2024Q2,test,,0.9679980484575262,0.898413927037136
NLD,2024Q3,test,,0.9679980484575262,1.2063983712746689
NLD,2024Q4,test,,0.9679980484575262,1.0886800937283119
RUS,2019Q1,val,4.989059786471661,5.118290982907081,6.310612525153338
RUS,2019Q2,val,4.303348713168731,4.861470422260385,4.829047244072841
RUS,2019Q3,val,3.448808648305235,3.752300418151102,4.616043375312599
RUS,2019Q4,val,2.42739694850862,3.149134382467065,3.8185189002433537
RUS,2020Q1,val,3.112309593298379,1.7145708696768935,3.07376758339442
RUS,2020Q2,val,3.5354688682835977,4.492986590403168,5.005330875522046
RUS,2020Q3,val,4.438822466292458,2.589548868433872,3.237845782984512
RUS,2020Q4,val,5.548526403411236,6.265251904141631,5.730432537308754
RUS,2021Q1,test,6.015997643375948,4.90572429236725,6.024639720870802
RUS,2021Q2,test,6.856440969683453,6.93912689061962,5.610762899846348
RUS,2021Q3,test,8.31135601078772,6.78313306217177,9.118550914248782
RUS,2021Q4,test,11.55003944545012,9.607653939051222,7.941110872753671
RUS,2022Q1,test,,13.20462728726537,12.78387311377232
RUS,2022Q2,test,,13.20462728726537,9.522789091432484
RUS,2022Q3,test,,13.20462728726537,9.071383937512199
RUS,2022Q4,test,,13.20462728726537,11.319088735082584
RUS,2023Q1,test,,13.20462728726537,9.484292341770585
RUS,2023Q2,test,,13.20462728726537,
RUS,2023Q3,test,,13.20462728726537,
RUS,2023Q4,test,,13.20462728726537,
RUS,2024Q1,test,,13.20462728726537,
RUS,2024Q2,test,,13.20462728726537,
RUS,2024Q3,test,,13.20462728726537,
RUS,2024Q4,test,,13.20462728726537,
SAU,2019Q1,val,-2.7001862197392867,-4.563552754019441,-4.193398042340741
SAU,2019Q2,val,-1.820303383897326,-2.503109233161612,-2.393785844612692
SAU,2019Q3,val,-0.6260307630170714,-1.713577378898203,-1.0806687286942822
SAU,2019Q4,val,1.14514254460929,-0.4451774666880255,0.19699695476108187
SAU,2020Q1,val,0.960355434039606,1.4308788523840692,2.2715307931709856
SAU,2020Q2,val,6.010390845189972,0.8791675699342737,0.11129851642456584
SAU,2020Q3,val,5.629127857747673,6.758540653272042,7.142785581433831
SAU,2020Q4,val,5.306025887998933,5.526418712901998,7.927575415214582
SAU,2021Q1,test,5.697166649741048,5.281796258569641,5.448710531082529
SAU,2021Q2,test,0.4452416797462888,5.743442705994708,5.92933816196341
SAU,2021Q3,test,1.0613396607561,-0.06896785997943189,-0.2584470252511809
SAU,2021Q4,test,1.6110914984434732,1.1245766216029192,-1.0704555499775688
SAU,2022Q1,test,2.283499871893424,1.644375523236766,2.207940150084452
SAU,2022Q2,test,2.9115377256202724,2.3284259717810247,1.6642196582784363
SAU,2022Q3,test,3.080779237261244,2.953560271810969,3.1355658984533945
SAU,2022Q4,test,3.016329237863591,3.0899972600747887,3.1219633442147967
SAU,2023Q1,test,2.736637755581306,3.0109852905139403,2.3648381351800745
SAU,2023Q2,test,1.9832047349013004,2.716703210457234,4.379471484648674
SAU,2023Q3,test,1.5359044599710714,1.9291735223824416,2.0666803866674943
SAU,2023Q4,test,,1.5064298588348584,1.5566365309558332
SAU,2024Q1,test,,1.5064298588348584,1.6339920836496333
SAU,2024Q2,test,,1.5064298588348584,1.5845741801744964
SAU,2024Q3,test,,1.5064298588348584,1.8208758630774682
SAU,2024Q4,test,,1.5064298588348584,1.7443631196465177
SGP,2019Q1,val,0.438784215129623,0.4387842151326252,1.1057150887724783
SGP,2019Q2,val,0.438784215129623,0.438784215129623,0.7838234161044371
SGP,2019Q3,val,0.567829988405447,0.438784215129623,-0.22583115903362333
SGP,2019Q4,val,0.567829988405447,0.5678293940151293,0.3955873521961781
SGP,2020Q1,val,0.567829988405447,0.5678299884027668,0.33090268218001523
SGP,2020Q2,val,0.567829988405447,0.567829988405447,0.5215171190750404
SGP,2020Q3,val,-0.172111865925382,0.567829988405447,1.2236026237315625
SGP,2020Q4,val,-0.172111865925382,-0.17210855579198564,-0.5606374791605008
SGP,2021Q1,test,-0.172111865925382,-0.1721118659104572,-0.5634979110585945
SGP,2021Q2,test,-0.172111865925382,-0.17211186592538194,-0.8568362181990221
SGP,2021Q3,test,2.31610315765146,-0.172111865925382,-0.6469787577370608
SGP,2021Q4,test,2.31610315765146,2.3160920785496795,2.3638088649082816
SGP,2022Q1,test,2.31610315765146,2.316103157600953,2.9374585673536977
SGP,2022Q2,test,2.31610315765146,2.3161031576514595,2.7264396965246864
SGP,2022Q3,test,6.13095418919732,2.31610315765146,1.698650881622104
SGP,2022Q4,test,6.13095418919732,6.130937222104564,5.516503178932032
SGP,2023Q1,test,6.13095418919732,6.130954189113224,6.174070513460851
SGP,2023Q2,test,6.13095418919732,6.13095418919732,5.522689244772218
SGP,2023Q3,test,4.83372362825798,6.13095418919732,6.4719825193036575
SGP,2023Q4,test,4.83372362825798,4.833729617661904,4.071155824067349
SGP,2024Q1,test,4.83372362825798,4.833723628286091,4.038172216575199
SGP,2024Q2,test,4.83372362825798,4.83372362825798,4.229107212424989
SGP,2024Q3,test,2.38951123595017,4.83372362825798,3.917816065238514
SGP,2024Q4,test,,2.3895224202579883,2.556222968600323
TUR,2019Q1,val,17.950335858349288,18.749364410792925,16.69601608454993
TUR,2019Q2,val,13.526150693204976,17.618542855890652,16.844236094133183
TUR,2019Q3,val,10.306309934308231,11.820386414669702,10.21501142964122
TUR,2019Q4,val,12.125799590698191,9.676664695052168,10.306275536180177
TUR,2020Q1,val,11.652034157247314,13.161877584833363,12.375493220220022
TUR,2020Q2,val,11.760901288285089,11.020664313305051,9.835213411612035
TUR,2020Q3,val,13.50983052071568,12.0692074511343,11.941672759405106
TUR,2020Q4,val,15.5935287409811,14.114467040418615,13.2878213006144
TUR,2021Q1,test,17.087529570545847,16.21721144339665,15.54456423357863
TUR,2021Q2,test,19.264233856647948,17.45504243789844,21.269090521298715
TUR,2021Q3,test,25.848395467952567,20.030302113123287,25.23009584660421
TUR,2021Q4,test,54.79901410164487,28.354664064159437,26.617014477748697
TUR,2022Q1,test,74.0699499556223,68.92349009748082,60.15537676531992
TUR,2022Q2,test,81.10272851558737,76.060177876584,74.81015167379874
TUR,2022Q3,test,77.37287919008924,83.88305271671565,89.15825799426274
TUR,2022Q4,test,54.3360420400639,73.88639299394833,74.14997748993648
TUR,2023Q1,test,40.42638372683649,41.98819727632305,30.118152727954893
TUR,2023Q2,test,56.196524308659626,39.25082947495131,35.65617485040307
TUR,2023Q3,test,62.72421816122469,68.62260256718402,63.418348293770265
TUR,2023Q4,test,66.8399522515247,59.05177359899426,56.78512818147048
TUR,2024Q1,test,72.27336622983418,71.4877862874481,57.97905891319863
TUR,2024Q2,test,54.09210020442994,72.74019460973867,71.57584799146242
TUR,2024Q3,test,46.64272071445177,41.12588487182602,39.14804602483548
TUR,2024Q4,test,,50.63286443800871,43.09240403418099
USA,2019Q1,val,1.8223837390979325,1.5156528285672008,1.5148877188899044
USA,2019Q2,val,1.749399715783806,1.8906468081937673,1.6412033745039512
USA,2019Q3,val,2.0485851427124224,1.7181604529003185,1.446845339119211
USA,2019Q4,val,2.143767669047314,2.121185510639535,1.9662577633022016
USA,2020Q1,val,0.4092762314199749,2.1487186080654888,2.394575931503868
USA,2020Q2,val,1.2231408831293145,0.020848971864433907,0.4948879150079719
USA,2020Q3,val,1.242270546387081,1.4088401743783163,1.3749537126816647
USA,2020Q4,val,1.9027552215008736,1.2164970270918891,-0.08431876736430566
USA,2021Q1,test,4.7829558992607435,2.0096920917456447,2.153735096176192
USA,2021Q2,test,5.249561186372054,5.349882902792874,4.903323903339199
USA,2021Q3,test,6.771440426414732,5.232257506291767,3.255522751257102
USA,2021Q4,test,8.024245886452297,7.0533155927660545,5.04321548654953
USA,2022Q1,test,8.584982827551912,8.22124873836273,5.324786385732504
USA,2022Q2,test,8.29210899596693,8.663579587647293,8.499819827668045
USA,2022Q3,test,7.0919535007186285,8.212066975211084,6.858551546860404
USA,2022Q4,test,5.729849763137995,6.841311623309539,6.045374184293447
USA,2023Q1,test,4.043936096276246,5.462338027864404,4.688286441969025
USA,2023Q2,test,3.566049422412365,3.6702628251266938,3.0916559472881926
USA,2023Q3,test,3.2334961618980973,3.5387251607389727,3.459057090234849
USA,2023Q4,test,3.244361180978883,3.1517914850556275,2.987982746915975
USA,2024Q1,test,3.191520919189661,3.2690556501998373,3.2113322483577886
USA,2024Q2,test,2.657611874936694,3.1708206867336313,3.215997514257761
USA,2024Q3,test,2.7231676914507563,2.5199561253033607,2.489626120357179
USA,2024Q4,test,,2.7771356145848354,2.6042610837646425
VNM,2019Q1,val,3.53962805942641,3.5396280594264082,5.7241687914245
VNM,2019Q2,val,3.53962805942641,3.53962805942641,4.364992768854199
VNM,2019Q3,val,2.7958236745225,3.53962805942641,3.7243339473286756
VNM,2019Q4,val,2.7958236745225,2.7958238729553693,1.8934034822902444
VNM,2020Q1,val,2.7958236745225,2.7958236745225404,7.155957818553812
VNM,2020Q2,val,2.7958236745225,2.7958236745225,5.659477211581226
VNM,2020Q3,val,3.22093436652514,2.7958236745225,17.49786051121474
VNM,2020Q4,val,3.22093436652514,3.220934333669543,5.468916739518259
VNM,2021Q1,test,3.22093436652514,3.2209343665251398,4.4019685887287245
VNM,2021Q2,test,3.22093436652514,3.22093436652514,6.227717741373523
VNM,2021Q3,test,1.83471554810444,3.22093436652514,9.3923368677488
VNM,2021Q4,test,1.83471554810444,1.8347154229829226,8.509612108849756
VNM,2022Q1,test,1.83471554810444,1.8347155481044646,6.876548176482669
VNM,2022Q2,test,1.83471554810444,1.83471554810444,3.839610890836799
VNM,2022Q3,test,3.15650749963129,1.83471554810444,-0.5066424469551163
VNM,2022Q4,test,3.15650749963129,3.1565070175953904,5.627417150425009
VNM,2023Q1,test,3.15650749963129,3.15650749963126,6.791237819800219
VNM,2023Q2,test,3.15650749963129,3.15650749963129,5.061119132872058
VNM,2023Q3,test,3.25289282667662,3.15650749963129,5.415109909600407
VNM,2023Q4,test,3.25289282667662,3.252893382718758,2.6949517997411077
VNM,2024Q1,test,3.25289282667662,3.2528928266747856,2.3530695649592674
VNM,2024Q2,test,3.25289282667662,3.25289282667662,2.762066751812264
VNM,2024Q3,test,3.62109273885843,3.25289282667662,2.3751363819491575
VNM,2024Q4,test,,3.6210933460660684,3.6780928971932267
ZAF,2019Q1,val,4.402490383027269,3.2167958485702948,4.037772204263778
ZAF,2019Q2,val,4.1740563329121905,5.57290564884827,4.452334943829005
ZAF,2019Q3,val,3.69714938435437,2.9024455463067285,4.293468804745978
ZAF,2019Q4,val,4.330737801165774,4.381462158451993,3.85253773013713
ZAF,2020Q1,val,2.366618869178394,4.285081822328031,5.969500398102869
ZAF,2020Q2,val,3.06906140563028,0.6719052373745102,0.7151881937986453
ZAF,2020Q3,val,3.1833596703165767,5.429786713175475,1.9680179912897267
ZAF,2020Q4,val,3.1027262502903774,0.9636789430597203,2.9445607068699293
ZAF,2021Q1,test,4.960086372576389,3.627887691985178,3.9724303849139666
ZAF,2021Q2,test,4.92141162085753,5.596492725317403,4.903768604239564
ZAF,2021Q3,test,5.470997371413566,5.133804357817505,4.476945150928756
ZAF,2021Q4,test,5.81536357113035,5.8043590450294404,5.66159868729843
ZAF,2022Q1,test,6.687993413469107,5.825715029524237,4.779523139625326
ZAF,2022Q2,test,7.922760376094007,7.540166534191739,7.022057579516297
ZAF,2022Q3,test,7.68331184112403,8.301149313570765,7.742143822571712
ZAF,2022Q4,test,7.302099735030465,7.072191023642483,7.301635146480466
ZAF,2023Q1,test,6.418926824143489,7.529535740652245,6.680469899836988
ZAF,2023Q2,test,5.003638080245909,5.320129239300903,6.194395226313342
ZAF,2023Q3,test,5.650152765983529,4.69046724187346,4.807369795322624
ZAF,2023Q4,test,5.408301842431351,6.599830500167078,5.903274553688182
ZAF,2024Q1,test,5.04408495201778,4.229018620758097,5.079034749278784
ZAF,2024Q2,test,4.243483409176596,5.850795302086267,4.589362800623779
ZAF,2024Q3,test,2.8110865574705546,3.5087727545166785,3.4472116229447627
ZAF,2024Q4,test,,2.9681776445920995,2.6384630881082547
