iso3,quarter,actual,stgnn_pred,split
ARG,2019Q1,56.277896881103516,51.669036865234375,val
AUS,2019Q1,1.5929235219955444,1.1928703784942627,val
BRA,2019Q1,4.316850662231445,3.948441505432129,val
CAN,2019Q1,2.1484084129333496,1.4718129634857178,val
CHE,2019Q1,0.6474238038063049,0.4840574860572815,val
CHN,2019Q1,2.667513608932495,1.6925898790359497,val
DEU,2019Q1,1.7041856050491333,1.2290416955947876,val
FRA,2019Q1,1.1238495111465454,1.0821678638458252,val
GBR,2019Q1,1.9224708080291748,1.6733559370040894,val
IDN,2019Q1,3.144191265106201,2.4853744506835938,val
IND,2019Q1,8.525344848632812,6.937507152557373,val
ITA,2019Q1,0.8482871055603027,0.8129634857177734,val
JPN,2019Q1,0.7392950654029846,0.16129404306411743,val
KOR,2019Q1,0.652198076248169,0.40345972776412964,val
MEX,2019Q1,4.213954448699951,3.9616425037384033,val
NLD,2019Q1,2.6580111980438232,2.40144944190979,val
RUS,2019Q1,4.989059925079346,5.028329372406006,val
SAU,2019Q1,-2.700186252593994,-3.3428220748901367,val
SGP,2019Q1,0.4387842118740082,0.2975012958049774,val
TUR,2019Q1,17.950336456298828,19.76780891418457,val
USA,2019Q1,1.8223837614059448,1.4924482107162476,val
VNM,2019Q1,3.539628028869629,3.4007785320281982,val
ZAF,2019Q1,4.402490615844727,4.005175590515137,val
ARG,2019Q2,54.12113952636719,56.26283645629883,val
AUS,2019Q2,1.6740379333496094,1.5865250825881958,val
BRA,2019Q2,3.180898904800415,4.314631462097168,val
CAN,2019Q2,1.9393147230148315,2.1418254375457764,val
CHE,2019Q2,0.25935959815979004,0.6424164772033691,val
CHN,2019Q2,2.86433744430542,2.670016288757324,val
DEU,2019Q2,1.4668471813201904,1.7045921087265015,val
FRA,2019Q2,1.0044426918029785,1.1205964088439941,val
GBR,2019Q2,1.7868338823318481,1.9195475578308105,val
IDN,2019Q2,3.4001657962799072,3.1377182006835938,val
IND,2019Q2,6.422973155975342,8.520710945129395,val
ITA,2019Q2,0.35667964816093445,0.8453720808029175,val
JPN,2019Q2,0.3345696032047272,0.7377389669418335,val
KOR,2019Q2,0.044590022414922714,0.6500489711761475,val
MEX,2019Q2,3.3124337196350098,4.2070698738098145,val
NLD,2019Q2,2.6676902770996094,2.6539242267608643,val
RUS,2019Q2,4.303348541259766,4.983177661895752,val
SAU,2019Q2,-1.8203034400939941,-2.7060964107513428,val
SGP,2019Q2,0.4387842118740082,0.4327005445957184,val
TUR,2019Q2,13.526150703430176,17.941621780395508,val
USA,2019Q2,1.7493996620178223,1.8254541158676147,val
VNM,2019Q2,3.539628028869629,3.5331108570098877,val
ZAF,2019Q2,4.174056529998779,4.393161773681641,val
ARG,2019Q3,52.16789245605469,53.979705810546875,val
AUS,2019Q3,1.8404786586761475,1.5356779098510742,val
BRA,2019Q3,3.3719322681427,3.044262170791626,val
CAN,2019Q3,2.094757080078125,1.8019204139709473,val
CHE,2019Q3,-0.07654131948947906,0.12175269424915314,val
CHN,2019Q3,4.222708702087402,2.73766827583313,val
DEU,2019Q3,1.2447969913482666,1.3355906009674072,val
FRA,2019Q3,1.0850317478179932,0.8701240420341492,val
GBR,2019Q3,1.4343622922897339,1.6527442932128906,val
IDN,2019Q3,2.9494450092315674,3.2615113258361816,val
IND,2019Q3,8.618775367736816,6.289219379425049,val
ITA,2019Q3,0.29287341237068176,0.22133490443229675,val
JPN,2019Q3,0.5001318454742432,0.20173513889312744,val
KOR,2019Q3,0.295617014169693,-0.08939933776855469,val
MEX,2019Q3,2.940383195877075,3.173825979232788,val
NLD,2019Q3,2.666794776916504,2.5321083068847656,val
RUS,2019Q3,3.4488086700439453,4.165895938873291,val
SAU,2019Q3,-0.6260307431221008,-1.9597710371017456,val
SGP,2019Q3,0.567829966545105,0.30222049355506897,val
TUR,2019Q3,10.306309700012207,13.388616561889648,val
USA,2019Q3,2.0485851764678955,1.621694803237915,val
VNM,2019Q3,2.795823574066162,3.402726888656616,val
ZAF,2019Q3,3.6971492767333984,4.032670021057129,val
ARG,2019Q4,50.43413543701172,52.05876159667969,val
AUS,2019Q4,2.1910595893859863,1.7377588748931885,val
BRA,2019Q4,3.831519842147827,3.274390697479248,val
CAN,2019Q4,1.8091663122177124,1.9908968210220337,val
CHE,2019Q4,-0.12613558769226074,-0.1782734990119934,val
CHN,2019Q4,4.956629276275635,4.121213912963867,val
DEU,2019Q4,1.6195437908172607,1.1434266567230225,val
FRA,2019Q4,1.1937024593353271,0.98214191198349,val
GBR,2019Q4,1.6552155017852783,1.3318612575531006,val
IDN,2019Q4,2.9205994606018066,2.8467164039611816,val
IND,2019Q4,6.608915328979492,8.51427173614502,val
ITA,2019Q4,0.29249268770217896,0.19120901823043823,val
JPN,2019Q4,0.6686258912086487,0.3972535729408264,val
KOR,2019Q4,0.966648280620575,0.19404906034469604,val
MEX,2019Q4,3.394338369369507,2.837106227874756,val
NLD,2019Q4,1.6126466989517212,2.5637965202331543,val
RUS,2019Q4,2.4273970127105713,3.345438241958618,val
SAU,2019Q4,1.1451425552368164,-0.728676438331604,val
SGP,2019Q4,0.567829966545105,0.4638380706310272,val
TUR,2019Q4,12.125799179077148,10.201825141906738,val
USA,2019Q4,2.1437675952911377,1.9480074644088745,val
VNM,2019Q4,2.795823574066162,2.693478584289551,val
ZAF,2019Q4,4.330737590789795,3.5939011573791504,val
ARG,2020Q1,43.88750076293945,51.09404754638672,val
AUS,2020Q1,-0.3484431803226471,2.873856544494629,val
BRA,2020Q1,2.1363415718078613,4.51838493347168,val
CAN,2020Q1,0.02445283718407154,2.4956679344177246,val
CHE,2020Q1,-1.2209044694900513,0.5639066696166992,val
CHN,2020Q1,2.7219300270080566,5.6772966384887695,val
DEU,2020Q1,0.41188204288482666,2.3271090984344482,val
FRA,2020Q1,0.2970012426376343,1.888214111328125,val
GBR,2020Q1,0.8039579391479492,2.3533859252929688,val
IDN,2020Q1,2.1129536628723145,3.6047966480255127,val
IND,2020Q1,5.201691627502441,7.304082870483398,val
ITA,2020Q1,-0.12940795719623566,0.9883303642272949,val
JPN,2020Q1,0.13341297209262848,1.3702560663223267,val
KOR,2020Q1,0.008706601336598396,1.6642450094223022,val
MEX,2020Q1,2.772686004638672,4.08036470413208,val
NLD,2020Q1,1.3118983507156372,2.3072099685668945,val
RUS,2020Q1,3.112309694290161,3.113590955734253,val
SAU,2020Q1,0.9603554606437683,1.8259599208831787,val
SGP,2020Q1,0.567829966545105,1.253767490386963,val
TUR,2020Q1,11.652033805847168,12.807817459106445,val
USA,2020Q1,0.40927621722221375,2.8617653846740723,val
VNM,2020Q1,2.795823574066162,3.4862000942230225,val
ZAF,2020Q1,2.3666188716888428,5.004056453704834,val
ARG,2020Q2,39.79948425292969,43.06631851196289,val
AUS,2020Q2,0.6931692361831665,-1.1949777603149414,val
BRA,2020Q2,2.626537799835205,1.2884037494659424,val
CAN,2020Q2,0.26829051971435547,-0.8272170424461365,val
CHE,2020Q2,-0.8620655536651611,-2.0755274295806885,val
CHN,2020Q2,1.9583842754364014,1.8270022869110107,val
DEU,2020Q2,-0.9165032505989075,-0.4670891761779785,val
FRA,2020Q2,0.34742143750190735,-0.5658573508262634,val
GBR,2020Q2,0.769941508769989,-0.061933934688568115,val
IDN,2020Q2,1.1993789672851562,1.2670944929122925,val
IND,2020Q2,5.530690670013428,4.338500022888184,val
ITA,2020Q2,-0.48465266823768616,-0.991947591304779,val
JPN,2020Q2,0.03334212303161621,-0.7383114099502563,val
KOR,2020Q2,0.7218353748321533,-0.8579145073890686,val
MEX,2020Q2,3.8952760696411133,1.9245460033416748,val
NLD,2020Q2,1.1621023416519165,0.45003992319107056,val
RUS,2020Q2,3.535468816757202,2.262155055999756,val
SAU,2020Q2,6.010390758514404,0.11626482009887695,val
SGP,2020Q2,0.567829966545105,-0.2840839624404907,val
TUR,2020Q2,11.76090145111084,10.807046890258789,val
USA,2020Q2,1.223140835762024,-0.4820471704006195,val
VNM,2020Q2,2.795823574066162,1.9416422843933105,val
ZAF,2020Q2,3.069061517715454,1.5349702835083008,val
ARG,2020Q3,36.3778076171875,39.930728912353516,val
AUS,2020Q3,0.8606590628623962,0.8154821991920471,val
BRA,2020Q3,4.250568389892578,2.7495954036712646,val
CAN,2020Q3,0.7816280126571655,0.388397753238678,val
CHE,2020Q3,-0.6895644068717957,-0.742841362953186,val
CHN,2020Q3,0.12004801630973816,2.06135892868042,val
DEU,2020Q3,-0.5044240951538086,-0.8068840503692627,val
FRA,2020Q3,0.07644286006689072,0.46335870027542114,val
GBR,2020Q3,0.7377805113792419,0.8848580718040466,val
IDN,2020Q3,1.4684337377548218,1.3221162557601929,val
IND,2020Q3,4.952369213104248,5.646159648895264,val
ITA,2020Q3,-0.22712524235248566,-0.36831825971603394,val
JPN,2020Q3,-0.9289987087249756,0.1455405056476593,val
KOR,2020Q3,0.4541490077972412,0.8363287448883057,val
MEX,2020Q3,3.5207784175872803,4.017097473144531,val
NLD,2020Q3,1.0103214979171753,1.2782076597213745,val
RUS,2020Q3,4.438822269439697,3.656402111053467,val
SAU,2020Q3,5.6291279792785645,6.133989334106445,val
SGP,2020Q3,-0.1721118688583374,0.687676727771759,val
TUR,2020Q3,13.509830474853516,11.883012771606445,val
USA,2020Q3,1.242270588874817,1.327988624572754,val
VNM,2020Q3,3.2209343910217285,2.915107250213623,val
ZAF,2020Q3,3.1833596229553223,3.1972837448120117,val
ARG,2020Q4,40.647098541259766,36.427947998046875,val
AUS,2020Q4,1.1149814128875732,0.8921803832054138,val
BRA,2020Q4,5.285460948944092,4.279491424560547,val
CAN,2020Q4,1.4362298250198364,0.8097999691963196,val
CHE,2020Q4,-0.4311195909976959,-0.6639208793640137,val
CHN,2020Q4,-0.10897284746170044,0.11248640716075897,val
DEU,2020Q4,1.4990079402923584,-0.49816131591796875,val
FRA,2020Q4,0.7428425550460815,0.09599530696868896,val
GBR,2020Q4,0.8909370303153992,0.7548049688339233,val
IDN,2020Q4,1.4314104318618774,1.5004770755767822,val
IND,2020Q4,4.435926914215088,4.972025394439697,val
ITA,2020Q4,0.5832793116569519,-0.20766004920005798,val
JPN,2020Q4,-0.5313479900360107,-0.9163777828216553,val
KOR,2020Q4,1.4224324226379395,0.4705003499984741,val
MEX,2020Q4,3.98751163482666,3.551175832748413,val
NLD,2020Q4,1.752958059310913,1.030784010887146,val
RUS,2020Q4,5.548526287078857,4.467844486236572,val
SAU,2020Q4,5.306025981903076,5.662436485290527,val
SGP,2020Q4,-0.1721118688583374,-0.14413265883922577,val
TUR,2020Q4,15.593528747558594,13.543107032775879,val
USA,2020Q4,1.9027552604675293,1.2377030849456787,val
VNM,2020Q4,3.2209343910217285,3.247119188308716,val
ZAF,2020Q4,3.1027262210845947,3.2250335216522217,val
ARG,2021Q1,48.46569061279297,41.34587860107422,test
AUS,2021Q1,3.8461828231811523,1.8106322288513184,test
BRA,2021Q1,7.720149517059326,5.978168964385986,test
CAN,2021Q1,3.3496220111846924,2.1330552101135254,test
CHE,2021Q1,0.49446409940719604,0.2639922797679901,test
CHN,2021Q1,1.2681421041488647,0.5818861722946167,test
DEU,2021Q1,2.190516233444214,2.1929116249084473,test
FRA,2021Q1,1.381901502609253,1.4387459754943848,test
GBR,2021Q1,2.0858895778656006,1.5881162881851196,test
IDN,2021Q1,1.4774788618087769,2.12638521194458,test
IND,2021Q1,5.325830459594727,5.12981653213501,test
ITA,2021Q1,1.1985746622085571,1.2788641452789307,test
JPN,2021Q1,-0.732891857624054,0.16274875402450562,test
KOR,2021Q1,2.4878621101379395,2.116865634918213,test
MEX,2021Q1,5.952098369598389,4.685296058654785,test
NLD,2021Q1,2.0060243606567383,2.4479382038116455,test
RUS,2021Q1,6.015997409820557,6.243129730224609,test
SAU,2021Q1,5.697166442871094,6.0023088455200195,test
SGP,2021Q1,-0.1721118688583374,0.5257779359817505,test
TUR,2021Q1,17.0875301361084,16.28935432434082,test
USA,2021Q1,4.782956123352051,2.5939459800720215,test
VNM,2021Q1,3.2209343910217285,3.9159276485443115,test
ZAF,2021Q1,4.960086345672607,3.798851251602173,test
ARG,2021Q2,51.89366912841797,48.84005355834961,test
AUS,2021Q2,3.0121212005615234,4.212015628814697,test
BRA,2021Q2,9.642160415649414,8.083757400512695,test
CAN,2021Q2,4.062294960021973,3.714634418487549,test
CHE,2021Q2,0.8343061208724976,0.8583012819290161,test
CHN,2021Q2,1.0007803440093994,1.617773413658142,test
DEU,2021Q2,3.87833571434021,2.547189950942993,test
FRA,2021Q2,1.7247403860092163,1.743669033050537,test
GBR,2021Q2,2.658924102783203,2.44718861579895,test
IDN,2021Q2,1.5697616338729858,1.843276858329773,test
IND,2021Q2,4.8243584632873535,5.686013221740723,test
ITA,2021Q2,2.1753246784210205,1.559740424156189,test
KOR,2021Q2,2.5352675914764404,2.8476693630218506,test
MEX,2021Q2,5.799497604370117,6.318299293518066,test
NLD,2021Q2,2.1650755405426025,2.367555618286133,test
RUS,2021Q2,6.856441020965576,6.380369186401367,test
SAU,2021Q2,0.44524168968200684,6.063737392425537,test
SGP,2021Q2,-0.1721118688583374,0.19341492652893066,test
TUR,2021Q2,19.26423454284668,17.454551696777344,test
USA,2021Q2,5.249561309814453,5.134709358215332,test
VNM,2021Q2,3.2209343910217285,3.5847694873809814,test
ZAF,2021Q2,4.921411514282227,5.329421043395996,test
ARG,2021Q3,51.398494720458984,52.717620849609375,test
AUS,2021Q3,3.498241901397705,3.8270316123962402,test
BRA,2021Q3,10.488256454467773,10.452964782714844,test
CAN,2021Q3,4.7261271476745605,4.876596450805664,test
CHE,2021Q3,1.4350570440292358,1.6459579467773438,test
CHN,2021Q3,1.7824640274047852,1.7993431091308594,test
DEU,2021Q3,4.709417819976807,4.68330192565918,test
FRA,2021Q3,2.7180140018463135,2.5352790355682373,test
GBR,2021Q3,4.424778938293457,3.469512939453125,test
IDN,2021Q3,1.7605451345443726,2.3833096027374268,test
IND,2021Q3,4.9692840576171875,5.6338300704956055,test
ITA,2021Q3,3.544715404510498,2.9857020378112793,test
KOR,2021Q3,3.54624080657959,3.344165802001953,test
MEX,2021Q3,6.990518569946289,6.614518165588379,test
NLD,2021Q3,4.7633748054504395,2.9750170707702637,test
RUS,2021Q3,8.311355590820312,7.6700873374938965,test
SAU,2021Q3,1.0613396167755127,1.2598302364349365,test
SGP,2021Q3,2.316103219985962,0.6434136033058167,test
TUR,2021Q3,25.84839630126953,20.079517364501953,test
USA,2021Q3,6.771440505981445,6.0494842529296875,test
VNM,2021Q3,1.8347156047821045,4.03228759765625,test
ZAF,2021Q3,5.470997333526611,5.7397141456604,test
ARG,2021Q4,52.766761779785156,52.22077560424805,test
AUS,2021Q4,5.0890350341796875,4.315169334411621,test
BRA,2021Q4,10.743596076965332,11.302793502807617,test
CAN,2021Q4,5.831543445587158,5.542983055114746,test
CHE,2021Q4,2.0625295639038086,2.2504329681396484,test
CHN,2021Q4,1.153588891029358,2.5915846824645996,test
DEU,2021Q4,4.7916154861450195,5.521600723266602,test
FRA,2021Q4,3.658343553543091,3.5330309867858887,test
GBR,2021Q4,5.511571407318115,5.240068435668945,test
IDN,2021Q4,2.291323184967041,2.5766167640686035,test
IND,2021Q4,5.40922737121582,5.783818244934082,test
ITA,2021Q4,5.670103073120117,4.359767436981201,test
KOR,2021Q4,3.8067398071289062,4.360618591308594,test
MEX,2021Q4,7.268852233886719,7.807610988616943,test
NLD,2021Q4,7.444779396057129,5.578151226043701,test
RUS,2021Q4,11.550039291381836,9.12759780883789,test
SAU,2021Q4,1.6110914945602417,1.8780274391174316,test
SGP,2021Q4,2.316103219985962,3.1343746185302734,test
TUR,2021Q4,54.799015045166016,26.66652488708496,test
USA,2021Q4,8.024246215820312,7.581209659576416,test
VNM,2021Q4,1.8347156047821045,2.6497995853424072,test
ZAF,2021Q4,5.81536340713501,6.289218902587891,test
ARG,2022Q1,60.96348190307617,53.338645935058594,test
AUS,2022Q1,6.144817352294922,5.676013469696045,test
BRA,2022Q1,11.915947914123535,11.332806587219238,test
CAN,2022Q1,7.546720504760742,6.42022705078125,test
CHE,2022Q1,2.9589383602142334,2.653575897216797,test
CHN,2022Q1,2.255349636077881,1.761602759361267,test
DEU,2022Q1,6.658030986785889,5.3933844566345215,test
FRA,2022Q1,5.288944721221924,4.2529144287109375,test
GBR,2022Q1,7.932692527770996,6.106919765472412,test
IDN,2022Q1,3.791703224182129,2.8777382373809814,test
IND,2022Q1,6.484506130218506,6.004676818847656,test
ITA,2022Q1,6.914212703704834,6.264822483062744,test
KOR,2022Q1,5.407083034515381,4.403658866882324,test
MEX,2022Q1,7.7742815017700195,7.855803489685059,test
NLD,2022Q1,8.956132888793945,8.0387601852417,test
SAU,2022Q1,2.2834999561309814,2.196030378341675,test
SGP,2022Q1,2.316103219985962,2.9038689136505127,test
TUR,2022Q1,74.0699462890625,55.38130569458008,test
USA,2022Q1,8.584982872009277,8.630378723144531,test
VNM,2022Q1,1.8347156047821045,2.4247398376464844,test
ZAF,2022Q1,6.68799352645874,6.396018028259277,test
ARG,2022Q2,77.63294982910156,61.41980743408203,test
AUS,2022Q2,7.268105506896973,6.621880531311035,test
BRA,2022Q2,8.645332336425781,12.396536827087402,test
CAN,2022Q2,7.1528801918029785,8.026893615722656,test
CHE,2022Q2,3.379277229309082,3.442105531692505,test
CHN,2022Q2,2.651644229888916,2.7528090476989746,test
DEU,2022Q2,7.402597427368164,7.1505584716796875,test
FRA,2022Q2,5.8483734130859375,5.775629043579102,test
GBR,2022Q2,8.752604484558105,8.42104434967041,test
IDN,2022Q2,5.193322658538818,4.268485069274902,test
IND,2022Q2,6.041736125946045,6.971283435821533,test
ITA,2022Q2,8.388941764831543,7.401350975036621,test
KOR,2022Q2,5.87643575668335,5.894827365875244,test
MEX,2022Q2,8.515901565551758,8.253829002380371,test
NLD,2022Q2,12.262985229492188,9.441920280456543,test
SAU,2022Q2,2.9115376472473145,2.758319616317749,test
SGP,2022Q2,2.316103219985962,2.7935783863067627,test
TUR,2022Q2,81.10272979736328,74.53434753417969,test
USA,2022Q2,8.292108535766602,9.079276084899902,test
VNM,2022Q2,1.8347156047821045,2.3165857791900635,test
ZAF,2022Q2,7.922760486602783,7.160609722137451,test
ARG,2022Q3,91.81640625,75.7955093383789,test
AUS,2022Q3,7.8318705558776855,5.42087984085083,test
BRA,2022Q3,6.050130844116211,6.809081077575684,test
CAN,2022Q3,6.665122032165527,5.307174205780029,test
CHE,2022Q3,2.932194948196411,1.5371344089508057,test
CHN,2022Q3,1.8396902084350586,0.8093752861022949,test
DEU,2022Q3,8.580531120300293,5.556215286254883,test
FRA,2022Q3,6.066802978515625,4.003239631652832,test
GBR,2022Q3,9.40970230102539,6.908411979675293,test
IDN,2022Q3,5.545037746429443,3.350318431854248,test
IND,2022Q3,5.664897441864014,4.196111679077148,test
ITA,2022Q3,11.746231079101562,6.544315338134766,test
KOR,2022Q3,5.246417999267578,4.027856826782227,test
MEX,2022Q3,8.005054473876953,6.674986839294434,test
NLD,2022Q3,11.250589370727539,10.417912483215332,test
SAU,2022Q3,3.0807793140411377,1.0670617818832397,test
SGP,2022Q3,6.130954265594482,0.4640471935272217,test
TUR,2022Q3,77.37287902832031,79.24516296386719,test
USA,2022Q3,7.091953277587891,6.443502426147461,test
VNM,2022Q3,3.1565074920654297,-0.005269765853881836,test
ZAF,2022Q3,7.683311939239502,6.0887451171875,test
ARG,2022Q4,101.97456359863281,90.92363739013672,test
AUS,2022Q4,7.021817207336426,6.957230567932129,test
BRA,2022Q4,5.3354172706604,5.186633110046387,test
CAN,2022Q4,5.147388458251953,5.792293071746826,test
CHE,2022Q4,3.1992034912109375,2.0652661323547363,test
CHN,2022Q4,1.238202691078186,1.0077018737792969,test
DEU,2022Q4,8.236776351928711,7.72770881652832,test
FRA,2022Q4,5.989925384521484,5.203009605407715,test
GBR,2022Q4,8.975468635559082,8.54454231262207,test
IDN,2022Q4,5.238894939422607,4.67404842376709,test
IND,2022Q4,6.03561544418335,4.805737495422363,test
ITA,2022Q4,8.90243911743164,10.883548736572266,test
KOR,2022Q4,4.742920398712158,4.387621879577637,test
MEX,2022Q4,7.456119537353516,7.130941390991211,test
NLD,2022Q4,6.619710445404053,10.38611888885498,test
SAU,2022Q4,3.016329288482666,2.208144187927246,test
SGP,2022Q4,6.130954265594482,5.254460334777832,test
TUR,2022Q4,54.33604049682617,76.49015808105469,test
USA,2022Q4,5.729849815368652,6.250299453735352,test
VNM,2022Q4,3.1565074920654297,2.2871272563934326,test
ZAF,2022Q4,7.302099704742432,6.80626916885376,test
ARG,2023Q1,112.99917602539062,101.2215805053711,test
AUS,2023Q1,6.026980876922607,6.274543285369873,test
BRA,2023Q1,3.7586686611175537,4.595561981201172,test
CAN,2023Q1,3.519561290740967,4.400275707244873,test
CHE,2023Q1,2.143342971801758,2.4546666145324707,test
CHN,2023Q1,0.09732579439878464,0.49008017778396606,test
DEU,2023Q1,6.546891689300537,7.488998889923096,test
FRA,2023Q1,5.175396919250488,5.2443718910217285,test
GBR,2023Q1,7.683741569519043,8.228525161743164,test
IDN,2023Q1,3.948817253112793,4.493661880493164,test
IND,2023Q1,5.027246952056885,5.290451526641846,test
ITA,2023Q1,7.395209789276123,8.156046867370605,test
KOR,2023Q1,3.229705810546875,3.9966208934783936,test
MEX,2023Q1,5.712390899658203,6.710495948791504,test
NLD,2023Q1,5.641082763671875,5.873067855834961,test
SAU,2023Q1,2.736637830734253,2.2685768604278564,test
SGP,2023Q1,6.130954265594482,5.38114070892334,test
TUR,2023Q1,40.42638397216797,53.586387634277344,test
USA,2023Q1,4.043936252593994,4.980051040649414,test
VNM,2023Q1,3.1565074920654297,2.4111673831939697,test
ZAF,2023Q1,6.41892671585083,6.556849479675293,test
ARG,2023Q2,125.89154052734375,112.05426025390625,test
AUS,2023Q2,5.373856067657471,5.077836036682129,test
BRA,2023Q2,4.594013214111328,2.811901569366455,test
CAN,2023Q2,3.686723232269287,2.5689213275909424,test
CHE,2023Q2,1.6046868562698364,1.1925327777862549,test
CHN,2023Q2,-0.06458088010549545,-0.8726745247840881,test
DEU,2023Q2,5.6038336753845215,5.584866523742676,test
FRA,2023Q2,4.681553840637207,4.220432281494141,test
GBR,2023Q2,6.350944519042969,6.7288312911987305,test
IDN,2023Q2,2.872978448867798,2.9996445178985596,test
IND,2023Q2,6.387327194213867,4.070660591125488,test
ITA,2023Q2,5.570213794708252,6.440040111541748,test
KOR,2023Q2,3.1352477073669434,2.2712152004241943,test
MEX,2023Q2,4.625376224517822,4.763361930847168,test
NLD,2023Q2,2.5724337100982666,4.686615467071533,test
SAU,2023Q2,1.98320472240448,1.7870581150054932,test
SGP,2023Q2,6.130954265594482,5.17746639251709,test
TUR,2023Q2,56.19652557373047,39.47226333618164,test
USA,2023Q2,3.566049337387085,3.0755960941314697,test
VNM,2023Q2,3.1565074920654297,2.20649790763855,test
ZAF,2023Q2,5.00363826751709,5.474931716918945,test
ARG,2023Q3,145.7463836669922,125.2179183959961,test
AUS,2023Q3,4.051970481872559,4.696062088012695,test
BRA,2023Q3,4.707605361938477,3.916435956954956,test
CAN,2023Q3,3.2111246585845947,3.008253574371338,test
CHE,2023Q3,1.6172559261322021,0.9263429641723633,test
CHN,2023Q3,-0.3225919306278229,-0.7469944357872009,test
DEU,2023Q3,3.5546321868896484,4.922538757324219,test
FRA,2023Q3,3.718742609024048,4.002533912658691,test
GBR,2023Q3,4.35363245010376,5.671577453613281,test
IDN,2023Q3,2.6798810958862305,2.1958651542663574,test
IND,2023Q3,4.782294750213623,5.709231376647949,test
ITA,2023Q3,0.9836987257003784,4.891091823577881,test
KOR,2023Q3,3.5333800315856934,2.4550132751464844,test
MEX,2023Q3,4.414577007293701,3.948639392852783,test
NLD,2023Q3,0.9681093096733093,1.8931630849838257,test
SAU,2023Q3,1.5359044075012207,1.3054375648498535,test
SGP,2023Q3,4.833723545074463,5.452836036682129,test
TUR,2023Q3,62.72421646118164,55.51969528198242,test
USA,2023Q3,3.2334961891174316,2.8834800720214844,test
VNM,2023Q3,3.2528927326202393,2.4788100719451904,test
ZAF,2023Q3,5.650152683258057,4.327651500701904,test
AUS,2023Q4,3.6198601722717285,3.644207239151001,test
BRA,2023Q4,4.308138847351074,4.296823978424072,test
CAN,2023Q4,2.8466718196868896,2.8002710342407227,test
CHE,2023Q4,1.1636751890182495,1.203740119934082,test
CHN,2023Q4,-0.03220094367861748,-0.7645139694213867,test
DEU,2023Q4,2.517341375350952,3.126345634460449,test
FRA,2023Q4,2.794020175933838,3.2996840476989746,test
GBR,2023Q4,3.9194915294647217,3.9356729984283447,test
IDN,2023Q4,2.570634603500366,2.2709622383117676,test
IND,2023Q4,4.563706398010254,4.360703945159912,test
ITA,2023Q4,0.9238522052764893,0.5655917525291443,test
MEX,2023Q4,4.567862033843994,4.0050578117370605,test
SGP,2023Q4,4.833723545074463,4.42198371887207,test
TUR,2023Q4,66.83995056152344,62.31267547607422,test
USA,2023Q4,3.244361162185669,2.795436143875122,test
VNM,2023Q4,3.2528927326202393,2.8406100273132324,test
ZAF,2023Q4,5.408301830291748,5.2498979568481445,test
AUS,2024Q1,3.8144478797912598,3.483110189437866,test
BRA,2024Q1,3.947357416152954,4.160798072814941,test
CAN,2024Q1,2.741166591644287,2.707453489303589,test
CHE,2024Q1,1.361969232559204,1.020764708518982,test
CHN,2024Q1,0.22685334086418152,-0.20158983767032623,test
DEU,2024Q1,2.2863478660583496,2.362272262573242,test
FRA,2024Q1,2.209364891052246,2.64707612991333,test
GBR,2024Q1,2.8697001934051514,3.7738869190216064,test
IDN,2024Q1,2.643190860748291,2.4320178031921387,test
IND,2024Q1,3.799630641937256,4.4126362800598145,test
ITA,2024Q1,0.8084750771522522,0.777643620967865,test
MEX,2024Q1,4.7719950675964355,4.428905487060547,test
SGP,2024Q1,4.833723545074463,4.694450378417969,test
TUR,2024Q1,72.27336883544922,66.6944808959961,test
USA,2024Q1,3.191520929336548,3.078937530517578,test
VNM,2024Q1,3.2528927326202393,3.1098484992980957,test
ZAF,2024Q1,5.0440850257873535,5.278726100921631,test
AUS,2024Q2,2.8085429668426514,4.013347148895264,test
BRA,2024Q2,4.3869242668151855,4.138119697570801,test
CAN,2024Q2,2.0408310890197754,2.9400227069854736,test
CHE,2024Q2,1.0645543336868286,1.5590541362762451,test
CHN,2024Q2,0.4846261441707611,0.4218648672103882,test
DEU,2024Q2,1.9296443462371826,2.483156442642212,test
FRA,2024Q2,1.7415318489074707,2.407266139984131,test
GBR,2024Q2,2.908622980117798,3.06744122505188,test
IDN,2024Q2,1.9405814409255981,2.8413217067718506,test
IND,2024Q2,2.9298810958862305,3.9959356784820557,test
ITA,2024Q2,1.0274924039840698,1.0055683851242065,test
MEX,2024Q2,5.02243185043335,4.970781326293945,test
SGP,2024Q2,4.833723545074463,5.034370422363281,test
TUR,2024Q2,54.09210205078125,72.4700927734375,test
USA,2024Q2,2.657611846923828,3.3866615295410156,test
VNM,2024Q2,3.2528927326202393,3.447780132293701,test
ZAF,2024Q2,4.243483543395996,5.244731903076172,test
AUS,2024Q3,2.4247045516967773,3.191575527191162,test
BRA,2024Q3,4.820828437805176,4.776032447814941,test
CAN,2024Q3,1.9129736423492432,2.4510388374328613,test
CHE,2024Q3,0.6600155830383301,1.4992330074310303,test
CHN,2024Q3,0.19418157637119293,1.1157841682434082,test
DEU,2024Q3,2.297873020172119,2.480512857437134,test
FRA,2024Q3,1.2702436447143555,2.2261290550231934,test
GBR,2024Q3,3.404146432876587,3.3871166706085205,test
IDN,2024Q3,1.5813572406768799,2.3404457569122314,test
IND,2024Q3,3.939452648162842,3.4131507873535156,test
ITA,2024Q3,1.1689395904541016,1.505729079246521,test
SGP,2024Q3,2.3895113468170166,5.259873867034912,test
TUR,2024Q3,46.64271926879883,54.42813491821289,test
USA,2024Q3,2.723167657852173,3.267857313156128,test
VNM,2024Q3,3.6210927963256836,3.6231961250305176,test
ZAF,2024Q3,2.811086654663086,4.574623107910156,test
