source_iso3,target_iso3,edge_attr,abs_edge_attr,case_study,forecast_quarter
CHN,DEU,-0.04168395389569923,0.04237600899068639,covid_supply_chain,2020Q2
USA,DEU,-0.04088181961560622,0.04158668621676043,covid_supply_chain,2020Q2
NLD,DEU,-0.04030015927855857,0.04099560444592498,covid_supply_chain,2020Q2
FRA,DEU,-0.03983879889710806,0.040572071593487635,covid_supply_chain,2020Q2
CHE,DEU,-0.03969616402173415,0.040326796763110906,covid_supply_chain,2020Q2
ITA,DEU,-0.03930140737793408,0.040009409916820005,covid_supply_chain,2020Q2
GBR,DEU,-0.03868900326779112,0.03940559824695811,covid_supply_chain,2020Q2
RUS,DEU,-0.037296301539754495,0.037926101620541885,covid_supply_chain,2020Q2
TUR,DEU,-0.037170811323449016,0.037913654348813,covid_supply_chain,2020Q2
JPN,DEU,-0.03670971645624377,0.03741610361612402,covid_supply_chain,2020Q2
KOR,DEU,-0.036433635774301365,0.03713957799482159,covid_supply_chain,2020Q2
BRA,DEU,-0.03625589817238506,0.036712707616970874,covid_supply_chain,2020Q2
IND,DEU,-0.03547065655584447,0.036069178517209366,covid_supply_chain,2020Q2
MEX,DEU,-0.03530166720156558,0.0359119332570117,covid_supply_chain,2020Q2
VNM,DEU,-0.03539297153474763,0.035898146976251155,covid_supply_chain,2020Q2
CAN,DEU,-0.03487569352728315,0.03549619761179201,covid_supply_chain,2020Q2
AUS,DEU,-0.034450609469786286,0.03509617142844945,covid_supply_chain,2020Q2
ZAF,DEU,-0.0342939448019024,0.03492592662223615,covid_supply_chain,2020Q2
SGP,DEU,-0.03414966570562683,0.03483317469363101,covid_supply_chain,2020Q2
SAU,DEU,-0.03331102125230245,0.033850105974124745,covid_supply_chain,2020Q2
IDN,DEU,-0.03320629964582622,0.03370236058253795,covid_supply_chain,2020Q2
ARG,DEU,-0.02837320619437378,0.029541618350776844,covid_supply_chain,2020Q2
DEU,DEU,-2.295815725972261e-06,2.3378768290172047e-06,covid_supply_chain,2020Q2
CHN,DEU,0.03164688078686595,0.039092999417334795,energy_shock_2022,2022Q2
USA,DEU,0.03133708564564586,0.038490886334329844,energy_shock_2022,2022Q2
NLD,DEU,0.03094996721483767,0.038475962122902274,energy_shock_2022,2022Q2
FRA,DEU,0.03078420157544315,0.038094033719971776,energy_shock_2022,2022Q2
ITA,DEU,0.03059517592191696,0.03808377683162689,energy_shock_2022,2022Q2
CHE,DEU,0.03016927046701312,0.03742600092664361,energy_shock_2022,2022Q2
GBR,DEU,0.02996245725080371,0.0371863734908402,energy_shock_2022,2022Q2
RUS,DEU,0.029101309832185507,0.03559111850336194,energy_shock_2022,2022Q2
JPN,DEU,0.02796042966656387,0.034434763016179204,energy_shock_2022,2022Q2
IND,DEU,0.027539805741980672,0.03428832511417568,energy_shock_2022,2022Q2
KOR,DEU,0.027744902996346354,0.034141619922593236,energy_shock_2022,2022Q2
MEX,DEU,0.027431259863078594,0.033955768682062626,energy_shock_2022,2022Q2
CAN,DEU,0.026949099963530898,0.03337742970325053,energy_shock_2022,2022Q2
VNM,DEU,0.02668944583274424,0.0333592367824167,energy_shock_2022,2022Q2
BRA,DEU,0.02716713584959507,0.0329977348446846,energy_shock_2022,2022Q2
ZAF,DEU,0.026724655646830797,0.032861392479389906,energy_shock_2022,2022Q2
AUS,DEU,0.026375388028100133,0.032556212274357677,energy_shock_2022,2022Q2
TUR,DEU,0.026990481186658144,0.03250227263197303,energy_shock_2022,2022Q2
SGP,DEU,0.026231716154143214,0.0324671093840152,energy_shock_2022,2022Q2
SAU,DEU,0.025623482186347246,0.032349619548767805,energy_shock_2022,2022Q2
IDN,DEU,0.02534028305672109,0.03151710727252066,energy_shock_2022,2022Q2
ARG,DEU,0.023787962505593896,0.02857337868772447,energy_shock_2022,2022Q2
DEU,DEU,1.7474440738851627e-06,2.1569607469018592e-06,energy_shock_2022,2022Q2
CHN,DEU,-0.008767784020164981,0.012726131099043414,baseline_calm,2017Q2
NLD,DEU,-0.007833362324163318,0.012716253520920873,baseline_calm,2017Q2
FRA,DEU,-0.00777649792144075,0.012685617140959948,baseline_calm,2017Q2
USA,DEU,-0.007862619997467846,0.0125886729802005,baseline_calm,2017Q2
ITA,DEU,-0.007641870528459549,0.012493500369600952,baseline_calm,2017Q2
RUS,DEU,-0.006700341473333538,0.012445388012565672,baseline_calm,2017Q2
CHE,DEU,-0.007550575537607074,0.01216433709487319,baseline_calm,2017Q2
GBR,DEU,-0.008108157257083803,0.011991148523520678,baseline_calm,2017Q2
IND,DEU,-0.0075515709759201854,0.011498261039378121,baseline_calm,2017Q2
KOR,DEU,-0.007022208592388779,0.011437239649239928,baseline_calm,2017Q2
ZAF,DEU,-0.0060217855498194695,0.011416667839512229,baseline_calm,2017Q2
MEX,DEU,-0.0064879333367571235,0.011339646182022989,baseline_calm,2017Q2
JPN,DEU,-0.007254885858856142,0.011297932360321283,baseline_calm,2017Q2
TUR,DEU,-0.007996166692464612,0.01125809691438917,baseline_calm,2017Q2
CAN,DEU,-0.006777434376999736,0.011187894968315959,baseline_calm,2017Q2
BRA,DEU,-0.00731158081907779,0.011135332868434489,baseline_calm,2017Q2
VNM,DEU,-0.007252214418258518,0.011103283904958516,baseline_calm,2017Q2
AUS,DEU,-0.0063932324992492795,0.01097335887607187,baseline_calm,2017Q2
SGP,DEU,-0.007360789109952748,0.010706619126722217,baseline_calm,2017Q2
IDN,DEU,-0.006579497421626002,0.010663480556104332,baseline_calm,2017Q2
SAU,DEU,-0.006220131181180477,0.010424865991808474,baseline_calm,2017Q2
ARG,DEU,-0.006896203398355283,0.008974900803877972,baseline_calm,2017Q2
DEU,DEU,-4.4981474189853543e-07,7.229255274410207e-07,baseline_calm,2017Q2
DEU,CHE,0.02867540204897523,0.033748438116163015,partner_spillover_dominant,2022Q2
USA,CHE,0.028214692370966077,0.03354532062076032,partner_spillover_dominant,2022Q2
TUR,CHE,0.02366576623171568,0.032550922594964504,partner_spillover_dominant,2022Q2
CHN,CHE,0.027451728703454137,0.03209267440252006,partner_spillover_dominant,2022Q2
GBR,CHE,0.02672089310362935,0.031945628579705954,partner_spillover_dominant,2022Q2
ITA,CHE,0.02640041639097035,0.03164482372812927,partner_spillover_dominant,2022Q2
FRA,CHE,0.026466493029147387,0.03134745405986905,partner_spillover_dominant,2022Q2
IND,CHE,0.025991117116063833,0.03130445023998618,partner_spillover_dominant,2022Q2
SGP,CHE,0.024934071116149426,0.030518834479153156,partner_spillover_dominant,2022Q2
NLD,CHE,0.02450340846553445,0.029510484542697668,partner_spillover_dominant,2022Q2
CAN,CHE,0.024078753776848316,0.029302162118256092,partner_spillover_dominant,2022Q2
ARG,CHE,0.021787632256746292,0.02914121001958847,partner_spillover_dominant,2022Q2
JPN,CHE,0.024666577577590942,0.028904719278216362,partner_spillover_dominant,2022Q2
AUS,CHE,0.023097662953659892,0.02822113153524697,partner_spillover_dominant,2022Q2
RUS,CHE,0.02368712890893221,0.028181999921798706,partner_spillover_dominant,2022Q2
ZAF,CHE,0.02332305582240224,0.02796499105170369,partner_spillover_dominant,2022Q2
SAU,CHE,0.02235456253401935,0.027960795210674405,partner_spillover_dominant,2022Q2
KOR,CHE,0.023467210354283452,0.02776253572665155,partner_spillover_dominant,2022Q2
MEX,CHE,0.02242541592568159,0.02723100408911705,partner_spillover_dominant,2022Q2
BRA,CHE,0.022764287423342466,0.027131146285682917,partner_spillover_dominant,2022Q2
VNM,CHE,0.021758453454822302,0.02666646847501397,partner_spillover_dominant,2022Q2
IDN,CHE,0.021931871073320508,0.026374647160992026,partner_spillover_dominant,2022Q2
CHE,CHE,1.6454401787768802e-06,1.9452507018513643e-06,partner_spillover_dominant,2022Q2
